-- 初始化测试数据
-- 作者: OpenHands
-- 日期: 2025-08-03

-- 插入团队数据
INSERT INTO team_info (id, parent_id, team_code, team_name, team_type, leader_id, ancestors, order_num, status, del_flag, create_by, remark) VALUES
(1, 0, 'T001', '核电技术研发中心', 'department', NULL, '0', 1, '0', '0', 'admin', '核电技术研发中心'),
(2, 1, 'T002', '反应堆设计部', 'department', NULL, '0,1', 1, '0', '0', 'admin', '反应堆设计部'),
(3, 1, 'T003', '核安全分析部', 'department', NULL, '0,1', 2, '0', '0', 'admin', '核安全分析部'),
(4, 1, 'T004', '核燃料管理部', 'department', NULL, '0,1', 3, '0', '0', 'admin', '核燃料管理部'),
(5, 2, 'T005', '堆芯设计组', 'team', NULL, '0,1,2', 1, '0', '0', 'admin', '堆芯设计组'),
(6, 2, 'T006', '系统设计组', 'team', NULL, '0,1,2', 2, '0', '0', 'admin', '系统设计组');

-- 插入人员基本信息
INSERT INTO person_info (id, person_code, person_name, gender, birth_date, id_card, phone, email, education, degree, graduate_school, major, work_start_date, join_date, job_title, job_level, position, team_id, work_location, employment_type, political_status, status, del_flag, create_by, remark) VALUES
(1, 'NP001', '张伟', '1', '1985-03-15', '110101198503150001', '13800138001', 'zhangwei@cgn.com.cn', '硕士', '工学硕士', '清华大学', '核工程与核技术', '2008-07-01', '2010-03-01', '高级工程师', 'P7', '反应堆设计工程师', 2, '深圳', '正式员工', '中共党员', '0', '0', 'admin', '反应堆设计专家'),
(2, 'NP002', '李娜', '0', '1990-08-22', '110101199008220002', '13800138002', 'lina@cgn.com.cn', '博士', '工学博士', '中科院', '核科学与技术', '2015-07-01', '2015-09-01', '工程师', 'P6', '核安全分析工程师', 3, '深圳', '正式员工', '中共党员', '0', '0', 'admin', '核安全分析专家'),
(3, 'NP003', '王强', '1', '1988-12-10', '110101198812100003', '13800138003', 'wangqiang@cgn.com.cn', '硕士', '工学硕士', '西安交通大学', '核工程与核技术', '2012-07-01', '2013-01-01', '主管工程师', 'P6', '堆芯设计工程师', 5, '深圳', '正式员工', '群众', '0', '0', 'admin', '堆芯设计骨干'),
(4, 'NP004', '刘洋', '1', '1987-05-18', '110101198705180004', '13800138004', 'liuyang@cgn.com.cn', '本科', '工学学士', '华中科技大学', '核工程与核技术', '2010-07-01', '2011-03-01', '高级工程师', 'P7', '系统设计工程师', 6, '深圳', '正式员工', '中共党员', '0', '0', 'admin', '系统设计专家'),
(5, 'NP005', '陈静', '0', '1992-11-03', '110101199211030005', '13800138005', 'chenjing@cgn.com.cn', '硕士', '工学硕士', '上海交通大学', '核工程与核技术', '2016-07-01', '2016-09-01', '工程师', 'P5', '核燃料工程师', 4, '深圳', '正式员工', '共青团员', '0', '0', 'admin', '核燃料管理专员'),
(6, 'NP006', '赵军', '1', '1983-09-25', '110101198309250006', '13800138006', 'zhaojun@cgn.com.cn', '博士', '工学博士', '北京理工大学', '核科学与技术', '2008-07-01', '2009-01-01', '资深工程师', 'P8', '技术总监', 1, '深圳', '正式员工', '中共党员', '0', '0', 'admin', '技术总监'),
(7, 'NP007', '孙丽', '0', '1989-07-14', '110101198907140007', '13800138007', 'sunli@cgn.com.cn', '硕士', '工学硕士', '哈尔滨工程大学', '核工程与核技术', '2013-07-01', '2014-02-01', '主管工程师', 'P6', '核安全工程师', 3, '深圳', '正式员工', '中共党员', '0', '0', 'admin', '核安全专家'),
(8, 'NP008', '周明', '1', '1991-04-08', '110101199104080008', '13800138008', 'zhouming@cgn.com.cn', '本科', '工学学士', '东北大学', '核工程与核技术', '2014-07-01', '2015-01-01', '工程师', 'P5', '设计工程师', 5, '深圳', '正式员工', '群众', '0', '0', 'admin', '设计工程师'),
(9, 'NP009', '吴敏', '0', '1986-01-30', '110101198601300009', '13800138009', 'wumin@cgn.com.cn', '硕士', '工学硕士', '大连理工大学', '核工程与核技术', '2009-07-01', '2010-08-01', '高级工程师', 'P7', '项目经理', 2, '深圳', '正式员工', '中共党员', '0', '0', 'admin', '项目管理专家'),
(10, 'NP010', '郑华', '1', '1984-06-12', '110101198406120010', '13800138010', 'zhenghua@cgn.com.cn', '博士', '工学博士', '中南大学', '核科学与技术', '2009-07-01', '2010-01-01', '资深工程师', 'P8', '研发总监', 1, '深圳', '正式员工', '中共党员', '0', '0', 'admin', '研发总监');

-- 插入人员绩效数据
INSERT INTO person_performance (id, person_id, year, quarter, performance_score, performance_level, kpi_completion, work_quality, work_attitude, team_contribution, evaluator, evaluation_date, create_by) VALUES
(1, 1, 2024, 1, 92.5, 'A', 95.0, '优秀', '积极', '突出', '技术总监', '2024-03-31', 'admin'),
(2, 1, 2024, 2, 88.0, 'B', 90.0, '良好', '积极', '良好', '技术总监', '2024-06-30', 'admin'),
(3, 1, 2024, 3, 95.0, 'A', 96.0, '优秀', '积极', '突出', '技术总监', '2024-09-30', 'admin'),
(4, 2, 2024, 1, 90.0, 'A', 92.0, '优秀', '积极', '良好', '部门经理', '2024-03-31', 'admin'),
(5, 2, 2024, 2, 85.0, 'B', 88.0, '良好', '积极', '一般', '部门经理', '2024-06-30', 'admin'),
(6, 3, 2024, 1, 87.0, 'B', 89.0, '良好', '积极', '良好', '组长', '2024-03-31', 'admin'),
(7, 4, 2024, 1, 93.0, 'A', 94.0, '优秀', '积极', '突出', '技术总监', '2024-03-31', 'admin'),
(8, 5, 2024, 1, 82.0, 'C', 85.0, '一般', '一般', '一般', '部门经理', '2024-03-31', 'admin');

-- 插入人员技能数据
INSERT INTO person_skill (id, person_id, skill_type, skill_name, skill_level, experience_years, certification, description, create_by) VALUES
(1, 1, '专业技能', '反应堆物理分析', '专家', 10.5, 'PMP项目管理认证', '反应堆物理分析专家级技能', 'admin'),
(2, 1, '专业技能', '核安全分析', '高级', 8.0, NULL, '核安全分析高级技能', 'admin'),
(3, 1, '技术技能', 'Python编程', '中级', 5.0, NULL, 'Python编程中级技能', 'admin'),
(4, 2, '专业技能', '概率安全评价', '专家', 7.5, 'PSA专家认证', '概率安全评价专家级技能', 'admin'),
(5, 2, '专业技能', '事故分析', '高级', 6.0, NULL, '事故分析高级技能', 'admin'),
(6, 3, '专业技能', '堆芯设计', '高级', 8.0, NULL, '堆芯设计高级技能', 'admin'),
(7, 4, '专业技能', '系统工程', '专家', 12.0, '系统工程师认证', '系统工程专家级技能', 'admin'),
(8, 5, '专业技能', '核燃料管理', '中级', 4.5, NULL, '核燃料管理中级技能', 'admin');

-- 插入人员项目数据
INSERT INTO person_project (id, person_id, project_name, project_code, project_type, project_level, start_date, end_date, project_role, project_status, achievement, technology_stack, team_size, description, create_by) VALUES
(1, 1, '华龙一号反应堆设计优化', 'HPR1000-OPT-2022', '研发项目', '国家级', '2022-01-01', '2024-12-31', '技术负责人', '进行中', '完成反应堆设计优化方案', 'MATLAB,ANSYS,Python', 15, '华龙一号反应堆设计优化项目', 'admin'),
(2, 1, '先进反应堆安全系统研究', 'ARS-SAFETY-2021', '研发项目', '省部级', '2021-06-01', '2023-05-31', '项目成员', '已完成', '发表SCI论文2篇', 'RELAP5,TRACE', 8, '先进反应堆安全系统研究', 'admin'),
(3, 2, '核电站概率安全评价', 'NPP-PSA-2023', '评估项目', '集团级', '2023-03-01', '2024-08-31', '主要负责人', '进行中', '完成一级PSA分析', 'SAPHIRE,RiskSpectrum', 12, '核电站概率安全评价项目', 'admin'),
(4, 3, '堆芯燃料管理优化', 'CORE-FUEL-2023', '优化项目', '集团级', '2023-01-01', '2024-06-30', '技术骨干', '进行中', '燃料利用率提升3%', 'CASMO,SIMULATE', 6, '堆芯燃料管理优化项目', 'admin'),
(5, 4, '核电站数字化改造', 'NPP-DIGITAL-2022', '技改项目', '省部级', '2022-09-01', '2024-03-31', '系统架构师', '进行中', '完成数字化平台搭建', 'Java,Spring,Vue', 20, '核电站数字化改造项目', 'admin');

-- 插入人员创新数据
INSERT INTO person_innovation (id, person_id, innovation_type, innovation_name, innovation_level, complete_date, patent_no, authors, author_order, publication, innovation_status, description, create_by) VALUES
(1, 1, '专利', '一种新型反应堆控制棒驱动机构', '发明专利', '2021-03-15', 'CN202110123456.7', '张伟,李明,王强', 1, NULL, '已授权', '反应堆控制棒驱动机构发明专利', 'admin'),
(2, 1, '论文', '先进反应堆安全系统设计研究', 'SCI', '2023-05-20', NULL, '张伟,李娜', 1, 'Nuclear Engineering and Design, 2023, Vol.395', '已发表', 'SCI期刊论文发表', 'admin'),
(3, 2, '专利', '核电站事故预测方法及系统', '发明专利', '2022-08-10', 'CN202210234567.8', '李娜,张伟,陈静', 1, NULL, '已授权', '核电站事故预测系统发明专利', 'admin'),
(4, 2, '获奖', '核安全技术创新奖', '省部级', '2023-12-01', NULL, '李娜,孙丽', 1, NULL, '已获奖', '广东省科技进步二等奖', 'admin'),
(5, 4, '专利', '核电站智能监控系统', '实用新型', '2022-11-25', 'CN202220345678.9', '刘洋,周明', 1, NULL, '已授权', '智能监控系统实用新型专利', 'admin');

-- 插入人员影响力数据
INSERT INTO person_influence (id, person_id, influence_type, influence_name, organization, position_level, start_date, end_date, is_current, create_by) VALUES
(1, 1, '学术兼职', '中国核学会反应堆物理专业委员会委员', '中国核学会', '国家级', '2020-01-01', '2024-12-31', '1', 'admin'),
(2, 1, '评审专家', '国家自然科学基金评审专家', '国家自然科学基金委', '国家级', '2019-01-01', NULL, '1', 'admin'),
(3, 2, '期刊编委', 'Nuclear Safety期刊编委', 'Nuclear Safety Journal', '国际级', '2022-06-01', '2025-05-31', '1', 'admin'),
(4, 6, '行业专家', '核电技术标准化委员会专家委员', '国家标准化委员会', '国家级', '2018-01-01', NULL, '1', 'admin');

-- 插入人员评估数据
INSERT INTO person_evaluation (id, person_id, evaluation_year, evaluation_dimension, dimension_score, dimension_level, evaluation_content, strengths, weaknesses, development_suggestions, evaluator, evaluation_date, create_by) VALUES
(1, 1, 2024, '技术能力', 92.0, 'A', '技术能力评估', '反应堆设计经验丰富，技术功底扎实', '跨专业知识有待加强', '建议加强系统工程知识学习', '技术总监', '2024-06-30', 'admin'),
(2, 1, 2024, '创新能力', 85.0, 'B', '创新能力评估', '具有较强的创新意识', '创新成果转化能力需提升', '建议参与更多产业化项目', '技术总监', '2024-06-30', 'admin'),
(3, 2, 2024, '技术能力', 88.0, 'B', '技术能力评估', '核安全分析专业能力突出', '工程实践经验相对不足', '建议参与更多工程项目', '部门经理', '2024-06-30', 'admin'),
(4, 2, 2024, '创新能力', 90.0, 'A', '创新能力评估', '创新思维活跃，成果丰富', '团队协作能力需加强', '建议承担团队管理职责', '部门经理', '2024-06-30', 'admin'),
(5, 3, 2024, '技术能力', 82.0, 'B', '技术能力评估', '堆芯设计基础扎实', '前沿技术跟踪不够', '建议加强新技术学习', '组长', '2024-06-30', 'admin');

-- 提交事务
COMMIT;